Thread Key, 标题, URL
1096, 《咏柳》两首, song-of-willow
1247, 夏花（外两则）, xia-hua
1241, 歪解Web前端, what-is-web
1239, 请停止浪费水资源的行为..., stop-weast-water
1227, “微信公众号”和 TaylorSwift.fm, weixin-and-taylorswiftfm
1225, 是夜无月, no-moon-this-night
1224, 近作两首, recently-poetry
1222, 塞上牛羊空许约, han-and-gisele
1210, 海子：天才的“未完成式“, insight-special-haizi
1206, 莫菲斯的药丸, pill-of-the-morpheus
1201, 我不是文艺青年, wo-bu-shi-wen-yi-qin-nian
1198, 路遇, lu-yu
1192, 十一月的村庄, shi-yi-yue-de-cun-zhuang
1186, 趁，此生未老..., when-we-were-yong
1182, 半截诗歌, na-ban-jie-shi
1177, 你是想读书，还是想读完书？, how-2-read
1175, 25岁的选择――Dreams or Reality？, dreams-or-reality
1169, 给你一个有梦的明天..., gei-ni-yi-ge-you-meng-de-ming-tian
1166, 卑微的想法..., bei-wei-de-xiang-fa
1162, 和米开朗琪罗比惨, he-mklql-bi-can
1146, 逃跑者――当令狐冲爱上东方不败, tao-pao-zhe
1143, 再见, zai-jian
1131, 蒙娜丽莎的微笑 ―― 朱莉娅・罗伯茨..., mona-lisa-de-wei-xiao
1127, 兜售文艺, dou-shou-wen-yi
1117, 自白, zi-bai
1115, 你说, ni-shuo
1112, 想要的生活, xiang-yao-de-sheng-huo
1109, 七夕, qi-xi
1098, 雨后心事, yu-hou
1094, 沙扬拉娜, good-bye
1086, 我想谈一场真真正正的恋爱, wo-xiang-tan-yi-chang-nian-ai
1083, 你的影子, ni-de-ying-zi
1078, 女生应该找个有独立博客的男朋友, nv-hai-zhao-nan-peng-you
1063, 下雨了，今天！, it-is-rain-today
1045, 陌路红尘, mo-lu-hong-chen
1039, 我知道为什么, i-know-why
1031, 幻影, huanying
1025, 云, thought
1024, 念, commemoration
1019, “鸟之物语”随想, thinking-of-the-bird-scence
1017, 很庆幸，我们有过那些年......, those-years
1011, 又看一帘幽梦 , and-see-dreamslink
979, 每本书里都住着一个小神仙, something-about-book
970, 一个人，真好！, just-me
906, 悲勒个去，邮箱惨遭封禁～, mail-was-blocked
905, 落, lonely
890, 只是因为我们长大了～, because-we-grew-up
872, Hello，2012！, im-back
865, 暂时离开～, i-will-be-bick
856, 那盏灯仍然亮着～, light-is-still-lit
829, 懒人折腾篇――革 FTP 的命～, say-goodbye-2-ftp
827, 答博友问～, an-explanation
826, 北极以北～, north-of-the-arctic
825, 昏天黑地十小时～, a-boring-day
824, 纳兰词《临江仙・咏柳》之意境再造～, classical-sensibility
820, 连自己都改变不了，请TMD别再意淫乔布斯, do-not-imitation-of-steve-jobs
815, 楚江吟・抒怀, chujiangyin-shuhuai
805, 就这样吧，算重新开始了～, start-again
795, 笔试通过了，要被群殴啦～, interview
788, “实施”还是“开发”？, how-2-choose
775, 明天去参加面试～, attend-a-interview
731, 求调教――独立博客那点事儿～, sth-about-bloger
728, 中华民族到了最缺德的时候？～, wicked-times
671, 原来很多事儿真的忘不掉~, the-memory
618, 一组有趣的人体彩绘公益广告～, body-painting-adv
604, 乔布斯，悲怆与传奇的人生～, 4jobs
599, 高级软件工程师认证有用么？～, some-questions
596, 虚幻（Unreal）3 游戏引擎 试玩～, unreal-3
593, 我也是一个任性的孩子, i-was-a-wayward-child
590, 该死的选修课～, fuck-the-electives
576, 中秋这无聊的三天～, 3days-of-midd-autumn
549, 格式化自己，就是为了删除你~~, to-delete-you
492, 在“地大”吃饺子～, met-sailors
491, 在武汉安顿下来了～, wuhan-i-came
485, 坑爹的呀，寝室终于来电了～, sth-about-blog
480, 原来，大学只有一年半~, say-goodbye-to-friend-and-university
478, 虽然很讨厌这样，但我就是这样~~, a-diary
477, [苹果公司]“乔布斯”宣布辞退CEO职位~~, jobs-resigned
468, 换个位置，一切都将是崭新的~~, hello-world
445, Linux像老婆，Windows像妓女, windows-and-linux
1074, 无题, nothing
466, 浅谈Windows与Linux的文化差异 ～, diff-win-linux
444, Avril Lavigne―Smile, avril-smile
441, 似水年华, things-past
431, 一个人, when-im-single
427, 随风飞音――一款不知从何下手的可视化音乐播放器～, mcool-player
417, 再看了一遍《教父》，感触依旧～, thiinking-of-godfather
407, 其实我们一直未曾偏离最初的路～, university-years